id,betreff,text,kategorie,dringend,notiz,,,,,ki_kategorie,ki_dringend,ki_konfidenz,ki_konfidenz_num
1,Wo bleibt meine Bestellung?,"Guten Tag, ich habe am 03.03. bestellt (Nr. 884120) und bis heute weder Ware noch Sendungsnummer erhalten. Können Sie mir sagen, wann geliefert wird? Viele Grüße, M. Weber",Lieferung,Nein,,,,,,Lieferung,nein,0.95,"0,95"
2,Sendungsverfolgung ohne Fortschritt,"Hallo, die Sendungsverfolgung zeigt seit vier Tagen unverändert ""Sendung im Verteilzentrum"". Ist das Paket verloren gegangen? Bestellnummer 884377.",Lieferung,Nein,,,,,,Lieferung,nein,0.85,"0,85"
3,Lieferadresse ändern,"Sehr geehrte Damen und Herren, ich ziehe kommende Woche um. Kann die Lieferung meiner Bestellung 885001 noch an die neue Adresse (Hauptstr. 12, 40213 Düsseldorf) gehen? Danke!",Lieferung,Ja,,,,,,Lieferung,ja,0.9,"0,9"
4,Paket als zugestellt markiert - nicht erhalten,"Der Status sagt ""zugestellt am 11.03., 14:22"", bei mir ist aber nichts angekommen. Auch die Nachbarn haben nichts. Was passiert jetzt? Bestellung 884955.",Lieferung,Nein,,,,,,Lieferung,nein,0.85,"0,85"
5,Nachlieferung offener Artikel,"Hallo zusammen, von meiner Bestellung 883712 kamen nur zwei von drei Artikeln an. Auf dem Lieferschein steht ""Rest folgt"". Wann kommt der Rest?",Lieferung,Nein,,,,,,Lieferung,nein,0.85,"0,85"
6,Paket beim Nachbarn abgegeben,"Guten Tag, DHL hat laut Beleg das Paket ""beim Nachbarn"" abgegeben, ohne anzugeben bei welchem. Können Sie das nachvollziehen? Bestellnr. 885120.",Lieferung,Nein,,,,,,Lieferung,nein,0.9,"0,9"
7,Liefertermin Vorbestellung,"Hallo, ich habe den neuen Modellsatz vorbestellt. Auf der Seite stand ""Versand ab KW 12"". Bleibt es dabei? Ich brauche ihn zu einem festen Termin.",Lieferung,Nein,,,,,,Lieferung,nein,0.75,"0,75"
8,Versand nach Österreich,"Guten Tag, liefern Sie auch nach Österreich, und wie lange dauert der Versand dorthin ungefähr? Danke im Voraus.",Lieferung,Nein,,,,,,Lieferung,nein,0.9,"0,9"
9,Paket nie angekommen - Frist abgelaufen,"Seit meiner Bestellung 882440 sind sechs Wochen vergangen. Das Paket ist nie angekommen, auf meine erste Nachfrage kam keine Antwort. Ich erwarte jetzt eine verbindliche Aussage.",Reklamation,Ja,"Regel dringend = ja: eine gesetzliche Frist läuft, Gefahr für Personen,
Geld ist bereits falsch abgeflossen, oder der Kunde schreibt nachweislich
zum wiederholten Mal. Alles andere = nein — auch verärgerte Kunden.",,,,,Lieferung,ja,0.8,"0,8"
10,Express-Versand nicht eingehalten,Ich habe für Bestellung 885233 Express-Versand (24h) bezahlt. Das Paket kam nach vier Tagen. Ich möchte die Versandkosten zurück.,Reklamation,Nein,"Reklamation: nicht erbrachte Leistung + Geldforderung, keine Statusfrage.
Regel: Erstattung wegen Servicefehler → Reklamation.",,,,,Reklamation,nein,0.95,"0,95"
11,Rechnung fehlt,"Guten Tag, zu meiner Bestellung 884610 habe ich keine Rechnung erhalten. Ich brauche sie für die Buchhaltung. Können Sie sie mir zusenden?",Rechnung,Ja,,,,,,Rechnung,nein,0.95,"0,95"
12,Betrag doppelt abgebucht,"Hallo, für Bestellung 884880 wurden 149,90 EUR zweimal von meinem Konto abgebucht (12.03. und 13.03.). Bitte um Rückerstattung.",Rechnung,Ja,,,,,,Rechnung,ja,0.95,"0,95"
13,Mahnung trotz Zahlung,"Sehr geehrte Damen und Herren, ich habe heute eine Mahnung über 89,00 EUR erhalten, obwohl ich die Rechnung 2024-11882 bereits am 28.02. überwiesen habe. Anbei der Zahlungsnachweis.",Rechnung,Ja,,,,,,Rechnung,ja,0.9,"0,9"
14,USt-ID nachtragen,"Guten Tag, auf Rechnung 2024-11930 fehlt unsere Umsatzsteuer-ID (DE812345678). Bitte korrigieren Sie die Rechnung und senden Sie sie erneut.",Rechnung,Nein,,,,,,Rechnung,nein,0.95,"0,95"
15,Zahlung auf Rechnung möglich?,"Hallo, wir sind ein Schulträger und dürfen nur auf Rechnung bestellen. Ist das bei Ihnen für Firmenkunden möglich?",Rechnung,Nein,,,,,,Rechnung,nein,0.9,"0,9"
16,Gutschrift nicht eingegangen,"Ich habe die Retoure am 20.02. zurückgeschickt, laut Ihrer Mail wurde die Gutschrift am 25.02. veranlasst. Auf meinem Konto ist bis heute nichts eingegangen.",Reklamation,Nein,,,,,,Rechnung,nein,0.8,"0,8"
17,Rechnungsbetrag stimmt nicht,"Guten Tag, auf der Rechnung stehen 3 Artikel à 39,90 EUR, bestellt hatte ich aber nur 2. Die Summe ist entsprechend zu hoch. Bitte prüfen. Bestellnr. 885044.",Rechnung,Ja,,,,,,Rechnung,nein,0.8,"0,8"
18,SEPA-Lastschrift widerrufen,"Hallo, ich möchte das Lastschriftmandat für mein Kundenkonto widerrufen und künftig per Überweisung zahlen. Wie gehe ich vor?",Rechnung,Nein,,,,,,Rechnung,nein,0.9,"0,9"
19,Rechnung erneut als PDF,"Guten Tag, ich habe die Rechnung zu Bestellung 883990 leider gelöscht. Können Sie mir das PDF noch einmal schicken?",Rechnung,Nein,,,,,,Rechnung,nein,0.97,"0,97"
20,Skonto abgezogen - trotzdem Mahnung,Wir haben innerhalb von 10 Tagen gezahlt und wie vereinbart 2% Skonto abgezogen. Jetzt kommt eine Mahnung über die Differenz. Bitte klären Sie das.,Reklamation,Ja,"Reklamation: Kunde beanstandet einen Fehler und fordert Geld zurück —
keine reine Rechnungsfrage. Regel: Beanstandung mit Geldforderung →
Reklamation, reine Auskunft zu Rechnung oder Zahlung → Rechnung.",,,,,Rechnung,ja,0.85,"0,85"
21,Gerät nach drei Tagen defekt,"Sehr geehrtes Team, das gelieferte Gerät hat nach drei Tagen den Betrieb eingestellt und lässt sich nicht mehr einschalten. Ich bitte um Austausch. Bestellnr. 884702.",Reklamation,Nein,,,,,,Reklamation,nein,0.95,"0,95"
22,Ware beschädigt angekommen,"Hallo, der Karton war eingedrückt und das Produkt darin hat einen Riss im Gehäuse. Fotos hänge ich an. Bestellnummer 885188.",Reklamation,Nein,,,,,,Reklamation,nein,0.95,"0,95"
23,Falscher Artikel geliefert,"Guten Tag, ich hatte Artikel Nr. 4471 in Größe M bestellt, geliefert wurde Artikel 4417 in Größe XL. Bitte um Rücksendeetikett und korrekte Lieferung.",Reklamation,Nein,,,,,,Reklamation,nein,0.95,"0,95"
24,Widerruf und Rücksendung,"Sehr geehrte Damen und Herren, ich widerrufe hiermit den Kaufvertrag über Bestellung 885077 fristgerecht und sende die Ware zurück. Bitte bestätigen Sie den Eingang.",Sonstiges,Ja,"Sonstiges: Widerruf ist ein gesetzliches Rücktrittsrecht, kein Mangel —
die Ware kann einwandfrei sein. Regel: Rückgabe ohne Beanstandung →
Sonstiges, Rückgabe wegen Mangel → Reklamation.",,,,,Sonstiges,ja,0.9,"0,9"
25,Teil fehlt in der Verpackung,"Hallo, in der Verpackung fehlten die Befestigungsschrauben, ohne die sich das Regal nicht montieren lässt. Können Sie die nachsenden?",Reklamation,Nein,"Reklamation: unvollständige Lieferung ist ein Mangel an der Ware —
gleiche Bearbeitung wie beim falschen Artikel. Regel: fehlende oder
falsche Teile → Reklamation.",,,,,Reklamation,nein,0.95,"0,95"
26,Farbe weicht vom Foto ab,"Guten Tag, der gelieferte Stoff ist deutlich dunkler als auf den Produktfotos. So kann ich ihn nicht verwenden. Wie können wir das lösen?",Reklamation,Nein,,,,,,Reklamation,nein,0.65,"0,65"
27,Reißverschluss nach zwei Wochen kaputt,"Hallo, nach zwei Wochen normaler Nutzung ist der Reißverschluss gerissen. Das ist doch ein Materialfehler - fällt das unter Gewährleistung?",Reklamation,Nein,,,,,,Reklamation,nein,0.95,"0,95"
28,Reparatur dauert seit sechs Wochen,"Ich habe mein Gerät vor sechs Wochen zur Reparatur eingeschickt und höre seitdem nichts. Auf drei E-Mails kam keine Antwort. Ich bin sehr verärgert und erwarte heute eine Rückmeldung, sonst schalte ich einen Anwalt ein.",Reklamation,Ja,,,,,,Reklamation,ja,0.9,"0,9"
29,Gerät wird sehr heiß,"Guten Tag, das Ladegerät wird im Betrieb extrem heiß und riecht verschmort. Ich habe es vom Netz genommen. Ist das ein bekanntes Sicherheitsproblem?",Reklamation,Ja,"Reklamation, dringend: Produktdefekt mit Sicherheitsrisiko (Überhitzung,
Brandgeruch). Regel: mögliche Gefahr für Personen → immer Reklamation und
dringend, unabhängig vom Ton der E-Mail.",,,,,Reklamation,ja,0.98,"0,98"
30,Zweite Reklamation - keine Antwort,"Dies ist meine zweite Nachricht zum selben Fall (Ticket vom 02.03.). Der Ersatzartikel war erneut defekt. Ich erwarte jetzt eine Erstattung, keinen weiteren Austausch.",Reklamation,Ja,,,,,,Reklamation,ja,0.9,"0,9"
31,Initiativbewerbung Kundenservice,"Sehr geehrte Damen und Herren, ich interessiere mich für eine Tätigkeit in Ihrem Kundenservice und sende Ihnen anbei meinen Lebenslauf. Über eine Rückmeldung freue ich mich.",Sonstiges,Nein,"Sonstiges, nicht dringend: unaufgeforderte Werbung, keine Kundenanfrage.
Regel: Werbung und Bewerbungen sind nie dringend.",,,,,Sonstiges,nein,0.98,"0,98"
32,Newsletter abbestellen,"Hallo, bitte nehmen Sie mich aus Ihrem Newsletter-Verteiler. Der Abmeldelink in der Mail funktioniert bei mir nicht.",Sonstiges,Nein,,,,,,Sonstiges,nein,0.9,"0,9"
33,Kooperationsanfrage,"Hallo liebes Team, ich betreibe einen Instagram-Kanal mit 45k Follower:innen im Bereich Wohnen und würde gern eine Zusammenarbeit anfragen. Wen kann ich dazu ansprechen?",Sonstiges,Nein,,,,,,Sonstiges,nein,0.95,"0,95"
34,Auskunft nach Art. 15 DSGVO,"Sehr geehrte Damen und Herren, hiermit beantrage ich Auskunft über alle zu meiner Person gespeicherten Daten gemäß Art. 15 DSGVO sowie deren Löschung. Ich bitte um Bestätigung innerhalb der gesetzlichen Frist.",Sonstiges,Ja,,,,,,Sonstiges,ja,0.95,"0,95"
35,Öffnungszeiten Filiale Köln,"Guten Tag, hat Ihre Filiale in Köln am Samstag geöffnet und bis wann? Danke!",Sonstiges,Nein,,,,,,Sonstiges,nein,0.9,"0,9"
36,Beratung Größenauswahl,"Hallo, ich bin 1,62 m groß und schwanke zwischen Größe S und M. Welche würden Sie empfehlen?",Sonstiges,Nein,,,,,,Sonstiges,nein,0.95,"0,95"
37,Geschenkgutschein kaufen,"Guten Tag, kann man bei Ihnen Geschenkgutscheine kaufen, und sind die auch online einlösbar?",Sonstiges,Nein,,,,,,Sonstiges,nein,0.9,"0,9"
38,Mehr Umsatz durch SEO,"Sehr geehrte Damen und Herren, wir haben Ihre Website analysiert und sehen ungenutztes Potenzial. Gern zeigen wir Ihnen in einem kostenlosen Erstgespräch, wie Sie Ihre Sichtbarkeit bei Google verdreifachen.",Sonstiges,Nein,,,,,,Sonstiges,nein,0.95,"0,95"
39,Kundenkonto löschen,"Hallo, ich möchte mein Kundenkonto vollständig löschen lassen. Bitte bestätigen Sie mir die Löschung.",Sonstiges,Ja,"Sonstiges, dringend: Löschverlangen ist ein Betroffenenrecht mit
gesetzlicher Frist, wie die Auskunft nach Art. 15 DSGVO. Regel: alle
Datenschutzanfragen sind dringend.",,,,,Sonstiges,ja,0.75,"0,75"
40,Frage zur Materialzusammensetzung,"Guten Tag, aus welchem Material besteht der Bezug bei Artikel 5520 genau, und ist er für Allergiker geeignet?",Sonstiges,Nein,,,,,,Sonstiges,nein,0.95,"0,95"
,,,,,,,,,,,,,
,,,,,,,,,,,,,
,"Ausgangsmessung:

Die ersten 20 E-Mails manuell sortiert: 9 Minuten 12 Sekunden — 27,6 Sekunden pro
E-Mail. Hochgerechnet sind das 46 Minuten je 100 E-Mails und rund
7,5 Stunden je 1000.
Gemessen wurde in einer Tabelle, in der Betreff und Text sofort sichtbar
waren. Im realen Postfach kämen das Öffnen der Nachricht, das Zurückspringen
zur Liste und der Wechsel zwischen Nachrichten hinzu — der tatsächliche
Aufwand liegt also eher höher. Die 27,6 Sekunden sind damit eine
konservative Schätzung.",,,,,,,,,,,,
,,,,,,,,,,,,,
"Prompt 1:

11.09.2026	Grundgerüst: vier Kategorien, Dringlichkeit, JSON",,,,,,,,,,,,,
,"Du sortierst eingehende Kunden-E-Mails eines Online-Händlers vor.

Ordne jede E-Mail einer dieser Kategorien zu:
Lieferung, Rechnung, Reklamation, Sonstiges.

Gib außerdem an, ob die E-Mail dringend ist.

Antworte nur mit JSON:
{""kategorie"": ""..."", ""dringend"": ""ja"" oder ""nein""}",,,,,,,,,,,,
,,,,,,,,,,,,,
"Prompt 2:

11.09.2026	Abgrenzungsregeln + Konfidenz-Feld. Anlass: v1 ordnete Erstattungsforderungen der Lieferung zu",,,,,,,,,,,,,
,"Du sortierst eingehende Kunden-E-Mails eines Online-Händlers vor.
Du beantwortest die Anfragen nicht — du ordnest sie nur ein.

KATEGORIEN — wähle genau eine:

Lieferung   — Versandstatus, Verzögerung, Sendungsverfolgung, Lieferadresse,
              Liefertermine, allgemeine Fragen zum Versand.
Rechnung    — Rechnungen, Zahlungen, Abbuchungen, Mahnungen, Gutschriften,
              Rechnungs- und Steuerdaten, Zahlungsarten.
Reklamation — Beanstandungen zur Ware oder zu einer bezahlten Leistung:
              defekt, beschädigt, falsch, unvollständig, Gewährleistung,
              Reparatur.
Sonstiges   — alles andere: Produktberatung, Bewerbungen, Kooperationen,
              Datenschutz, Newsletter, Werbung, allgemeine Fragen.

ABGRENZUNGSREGELN — sie haben Vorrang vor der Kategorienliste:

1. Beanstandung mit Geldforderung → Reklamation.
   Reine Auskunft zu einer Rechnung oder Zahlung → Rechnung.
   Beispiel: Express-Versand bezahlt, Paket kam zu spät, Kunde fordert die
   Versandkosten zurück → Reklamation, nicht Lieferung.

2. Ware beschädigt, defekt, falsch oder unvollständig geliefert →
   Reklamation, auch wenn der Schaden beim Transport entstanden ist.

3. Widerruf ohne Mangel → Sonstiges. Der Widerruf ist ein gesetzliches
   Rücktrittsrecht, die Ware kann einwandfrei sein.
   Rückgabe wegen eines Mangels → Reklamation.

4. Hinweis auf eine mögliche Gefahr für Personen (Überhitzung, Brandgeruch,
   Stromschlag) → immer Reklamation.

DRINGLICHKEIT — ""ja"" nur, wenn mindestens eines zutrifft:

- eine gesetzliche Frist läuft (Datenschutzanfrage nach DSGVO, Widerruf,
  Mahnung)
- Gefahr für Personen
- Geld ist bereits falsch abgeflossen (Doppelabbuchung, zu hoher Betrag)
- der Kunde schreibt nachweislich zum wiederholten Mal, oder es werden
  rechtliche Schritte angedroht
- eine Änderung ist nur bis zu einem bestimmten Zeitpunkt möglich
  (z. B. Adressänderung vor dem Versand)

Sonst ""nein"".

Ein verärgerter oder fordernder Ton allein macht eine E-Mail nicht dringend.
Werbung und Bewerbungen sind nie dringend.

AUSGABE — antworte ausschließlich mit diesem JSON, ohne Text davor oder danach:

{
  ""kategorie"": ""Lieferung"" | ""Rechnung"" | ""Reklamation"" | ""Sonstiges"",
  ""dringend"": ""ja"" | ""nein"",
  ""konfidenz"": <Zahl zwischen 0 und 1, mit Punkt als Dezimaltrennzeichen>
}

Setze ""konfidenz"" unter 0.7, wenn die E-Mail zu zwei Kategorien passt oder
zu wenig Information enthält. Rate nicht — eine niedrige Konfidenz ist eine
gültige und erwünschte Antwort.",,,,,,,,,,,,
,,,,,,,,,,,,,
"Prompt 3:

15.09.2026        
Verbot von Code-Blöcken. Anlass: bei 20 von 40 E-Mails kam das JSON in ```-Fences, Make konnte es nicht parsen — die Hälfte der Zeilen blieb leer",,,,,,,,,,,,,
,"Du sortierst eingehende Kunden-E-Mails eines Online-Händlers vor.
Du beantwortest die Anfragen nicht — du ordnest sie nur ein.

KATEGORIEN — wähle genau eine:

Lieferung   — Versandstatus, Verzögerung, Sendungsverfolgung, Lieferadresse,
              Liefertermine, allgemeine Fragen zum Versand.
Rechnung    — Rechnungen, Zahlungen, Abbuchungen, Mahnungen, Gutschriften,
              Rechnungs- und Steuerdaten, Zahlungsarten.
Reklamation — Beanstandungen zur Ware oder zu einer bezahlten Leistung:
              defekt, beschädigt, falsch, unvollständig, Gewährleistung,
              Reparatur.
Sonstiges   — alles andere: Produktberatung, Bewerbungen, Kooperationen,
              Datenschutz, Newsletter, Werbung, allgemeine Fragen.

ABGRENZUNGSREGELN — sie haben Vorrang vor der Kategorienliste:

1. Beanstandung mit Geldforderung → Reklamation.
   Reine Auskunft zu einer Rechnung oder Zahlung → Rechnung.
   Beispiel: Express-Versand bezahlt, Paket kam zu spät, Kunde fordert die
   Versandkosten zurück → Reklamation, nicht Lieferung.

2. Ware beschädigt, defekt, falsch oder unvollständig geliefert →
   Reklamation, auch wenn der Schaden beim Transport entstanden ist.

3. Widerruf ohne Mangel → Sonstiges. Der Widerruf ist ein gesetzliches
   Rücktrittsrecht, die Ware kann einwandfrei sein.
   Rückgabe wegen eines Mangels → Reklamation.

4. Hinweis auf eine mögliche Gefahr für Personen (Überhitzung, Brandgeruch,
   Stromschlag) → immer Reklamation.

DRINGLICHKEIT — ""ja"" nur, wenn mindestens eines zutrifft:

- eine gesetzliche Frist läuft (Datenschutzanfrage nach DSGVO, Widerruf,
  Mahnung)
- Gefahr für Personen
- Geld ist bereits falsch abgeflossen (Doppelabbuchung, zu hoher Betrag)
- der Kunde schreibt nachweislich zum wiederholten Mal, oder es werden
  rechtliche Schritte angedroht
- eine Änderung ist nur bis zu einem bestimmten Zeitpunkt möglich
  (z. B. Adressänderung vor dem Versand)

Sonst ""nein"".

Ein verärgerter oder fordernder Ton allein macht eine E-Mail nicht dringend.
Werbung und Bewerbungen sind nie dringend.

KONFIDENZ

Setze ""konfidenz"" unter 0.7, wenn die E-Mail zu zwei Kategorien passt oder
zu wenig Information enthält. Rate nicht — eine niedrige Konfidenz ist eine
gültige und erwünschte Antwort.

AUSGABE

Antworte mit genau diesem JSON-Objekt und mit nichts anderem:

{
  ""kategorie"": ""Lieferung"" | ""Rechnung"" | ""Reklamation"" | ""Sonstiges"",
  ""dringend"": ""ja"" | ""nein"",
  ""konfidenz"": <Zahl zwischen 0 und 1, mit Punkt als Dezimaltrennzeichen>
}

Formatvorgaben, die ausnahmslos gelten:
- Keine Code-Blöcke, keine Markdown-Formatierung.
- Keine Backticks und kein ""json"" vor oder nach dem Objekt.
- Kein erklärender Text davor oder danach.
- Das erste Zeichen deiner Antwort ist {, das letzte ist }.",,,,,,,,,,,,
,,,,,,,,,,,,,
,,,,,,,,,,,,,
Nach Prompt 3:,"Ergebnis geprüft → Lücke gefunden → Log gelesen → Ursache: Markdown-Fences
→ Prompt v3 → erneut geprüft → 40/40",,,,,,,,,,,,
,,,,,,,,,,,,,
,,,,,,,,,,,,,
"Prompt 4:

Regel 1 neu formuliert — Unternehmensfehler statt Geldforderung. Anlass: alle 3 Kategoriefehler waren Reklamationen, die als Lieferung/Rechnung eingeordnet wurden

v4 — verworfen. Regel 1 als ""Unternehmensfehler"" formuliert. Behob die
Fehler 9, 16, 20, erzeugte aber 4 neue (4, 12, 13, 17): die konsequente
Regel widerspricht dem eigenen Goldstandard, der die Grenze
Rechnung/Reklamation uneinheitlich zieht (vgl. Mail 13 vs. 20).
Erkenntnis: das Modell kann nicht konsistenter sein als die Referenz.
Zurück zu v3.",,,,,,,,,,,,,
,"Du sortierst eingehende Kunden-E-Mails eines Online-Händlers vor.
Du beantwortest die Anfragen nicht — du ordnest sie nur ein.

KATEGORIEN — wähle genau eine:

Lieferung   — Versandstatus, Verzögerung, Sendungsverfolgung, Lieferadresse,
              Liefertermine, allgemeine Fragen zum Versand.
Rechnung    — Rechnungen, Zahlungen, Abbuchungen, Mahnungen, Gutschriften,
              Rechnungs- und Steuerdaten, Zahlungsarten.
Reklamation — Beanstandungen zur Ware oder zu einer bezahlten Leistung:
              defekt, beschädigt, falsch, unvollständig, Gewährleistung,
              Reparatur.
Sonstiges   — alles andere: Produktberatung, Bewerbungen, Kooperationen,
              Datenschutz, Newsletter, Werbung, allgemeine Fragen.

ABGRENZUNGSREGELN — sie haben Vorrang vor der Kategorienliste:

1. Beanstandet der Kunde einen Fehler des Unternehmens — eine zugesagte,
   aber nicht erbrachte Leistung, eine falsche Abrechnung, eine verlorene
   Sendung, eine unberechtigte Mahnung — dann ist es eine Reklamation,
   unabhängig davon, ob Geld gefordert wird und welcher Abteilung das
   Thema zugehört.
   Stellt er dagegen nur eine Frage oder bittet um eine Handlung
   (""Rechnung zusenden"", ""Zahlungsart ändern""), ist es Rechnung
   beziehungsweise Lieferung.

2. Ware beschädigt, defekt, falsch oder unvollständig geliefert →
   Reklamation, auch wenn der Schaden beim Transport entstanden ist.

3. Widerruf ohne Mangel → Sonstiges. Der Widerruf ist ein gesetzliches
   Rücktrittsrecht, die Ware kann einwandfrei sein.
   Rückgabe wegen eines Mangels → Reklamation.

4. Hinweis auf eine mögliche Gefahr für Personen (Überhitzung, Brandgeruch,
   Stromschlag) → immer Reklamation.

DRINGLICHKEIT — ""ja"" nur, wenn mindestens eines zutrifft:

- eine gesetzliche Frist läuft (Datenschutzanfrage nach DSGVO, Widerruf,
  Mahnung)
- Gefahr für Personen
- Geld ist bereits falsch abgeflossen (Doppelabbuchung, zu hoher Betrag)
- der Kunde schreibt nachweislich zum wiederholten Mal, oder es werden
  rechtliche Schritte angedroht
- eine Änderung ist nur bis zu einem bestimmten Zeitpunkt möglich
  (z. B. Adressänderung vor dem Versand)

Sonst ""nein"".

Ein verärgerter oder fordernder Ton allein macht eine E-Mail nicht dringend.
Werbung und Bewerbungen sind nie dringend.

KONFIDENZ

Setze ""konfidenz"" unter 0.7, wenn die E-Mail zu zwei Kategorien passt oder
zu wenig Information enthält. Rate nicht — eine niedrige Konfidenz ist eine
gültige und erwünschte Antwort.

AUSGABE

Antworte mit genau diesem JSON-Objekt und mit nichts anderem:

{
  ""kategorie"": ""Lieferung"" | ""Rechnung"" | ""Reklamation"" | ""Sonstiges"",
  ""dringend"": ""ja"" | ""nein"",
  ""konfidenz"": <Zahl zwischen 0 und 1, mit Punkt als Dezimaltrennzeichen>
}

Formatvorgaben, die ausnahmslos gelten:
- Keine Code-Blöcke, keine Markdown-Formatierung.
- Keine Backticks und kein ""json"" vor oder nach dem Objekt.
- Kein erklärender Text davor oder danach.
- Das erste Zeichen deiner Antwort ist {, das letzte ist }.",,,,,,,,,,,,